INSERT INTO role(id, name)
	VALUES
	(1, 'ROLE_ADMIN'), (2, 'ROLE_STAFF'), (3, 'ROLE_USER'), (4, 'ROLE_TEST');

INSERT INTO employee(id, code)
	VALUES
	(1, 'HUT11111'), (2, 'SMI22222'), (3, 'CHA33333'), (4, 'SAV44444'), (5, 'TOF55555'),
	(6, 'EDG66666'), (7, 'WYO77777'), (8, 'SAN88888'), (9, 'YON99999'), (10, 'TIN00000');

insert into account
	(id, employee_id, first_name, last_name, email, password, enabled)
	values
	(1, 1, 'Tulley', 'Hutley', 'thutley0@blogtalkradio.com', 'bZ3AouWcINf', true),
	(2, 2, 'Marci', 'Smitherman', 'msmitherman1@example.com', 'uxlJaB', true),
	(3, 3, 'Joelie', 'Chawner', 'jchawner2@liveinternet.ru', 'SLsW5pXW', true),
	(4, 4, 'Mollee', 'Savin', 'msavin3@oakley.com', 'G1NicOp', true),
	(5, 5, 'Jennilee', 'Tofanini', 'jtofanini4@angelfire.com', 'K8dl4sAWBfa3', true),
	(6, 6, 'Lenka', 'Edge', 'ledge5@umn.edu', 'irqcPsro', true),
	(7, 7, 'Jobina', 'Wyon', 'jwyon6@umn.edu', 'pdmiOJ', true),
	(8, 8, 'Broderick', 'Sandle', 'bsandle7@oakley.com', 'PCMvmvIqE5ZR', false),
	(9, 9, 'Hortense', 'Yonnie', 'hyonnie8@tiny.cc', 'pFA85OU', false),
	(10, 10, 'Sherrie', 'Tinton', 'stinton9@multiply.com', 'ZCuzNmv1Jv', false);

INSERT INTO account_roles
	(user_id, role_id)
	VALUES
	(1, 3), (2, 3), (3, 3), (4, 3), (5, 3), (6, 3), (7, 3), (8, 3), (9, 3), (10, 3);

insert into insurance (id, valid_from, valid_to, employee_id)
	values
	(1, '2022-05-22 12:50:24', '2023-05-22 12:50:24', 1),
	(2, '2021-10-27 16:24:51', '2022-10-27 16:24:51', 2),
	(3, '2022-07-16 21:29:08', '2023-07-16 21:29:08', 3),
	(4, '2022-07-08 12:31:16', '2023-07-08 12:31:16', 4),
	(5, '2022-03-13 12:06:47', '2023-03-13 12:06:47', 5),
	(6, '2021-12-16 07:32:02', '2022-12-16 07:32:02', 6),
	(7, '2022-07-09 19:48:38', '2023-07-09 19:48:38', 7),
	(8, '2022-05-07 05:34:26', '2023-05-07 05:34:26', 8),
	(9, '2022-06-25 00:51:55', '2023-06-25 00:51:55', 9),
	(10, '2021-12-11 16:13:20', '2022-12-11 16:13:20', 10),
	(11, '2022-08-05 21:39:08', '2023-08-05 21:39:08', 1),
	(12, '2022-05-14 18:37:41', '2023-05-14 18:37:41', 2),
	(13, '2022-05-19 04:13:28', '2023-05-19 04:13:28', 3),
	(14, '2022-01-11 13:00:08', '2023-01-11 13:00:08', 4),
	(15, '2022-05-14 17:09:33', '2023-05-14 17:09:33', 5),
	(16, '2021-08-28 00:32:17', '2022-08-28 00:32:17', 6),
	(17, '2021-09-18 21:13:16', '2022-09-18 21:13:16', 7),
	(18, '2021-09-20 13:13:47', '2022-09-20 13:13:47', 8),
	(19, '2022-05-18 01:01:30', '2023-05-18 01:01:30', 9),
	(20, '2022-02-16 18:31:31', '2023-02-16 18:31:31', 10),
	(21, '2021-08-19 23:51:32', '2022-08-19 23:51:32', 1),
	(22, '2021-10-16 22:58:17', '2022-10-16 22:58:17', 2),
	(23, '2022-05-23 20:31:46', '2023-05-23 20:31:46', 3),
	(24, '2021-10-24 15:57:15', '2022-10-24 15:57:15', 4),
	(25, '2022-07-16 15:03:12', '2023-07-16 15:03:12', 5),
	(26, '2021-12-12 06:02:49', '2022-12-12 06:02:49', 6),
	(27, '2022-04-10 13:47:29', '2023-04-10 13:47:29', 7),
	(28, '2022-02-10 05:02:33', '2023-02-10 05:02:33', 8),
	(29, '2022-07-19 23:46:17', '2023-07-19 23:46:17', 9),
	(30, '2021-08-28 15:03:08', '2022-08-28 15:03:08', 10);

insert into account
	(id, first_name, last_name, email, password, enabled)
	values
	(11, 'Janusz', 'Admin', 'janusz@admin.qp', '$2a$10$U8T5nshakO1WOfWfp/QD5u1NneOXM998iqVMpPVdjzrJLFrddyolG', true),
	(12, 'Grażyna', 'Admin', 'grazyna@admin.qp', '$2a$10$DcIa7sj2E/P9apLyuNdxkOdEsf9HHCEjnpyY8.qu4fVvreT6.A.x6', true);

INSERT INTO account_roles
	(user_id, role_id)
	VALUES
	(11, 1), (12, 1);

INSERT INTO location
	(id, creation_date, description, account_id, disabled)
	VALUES
	(1, '2021-01-01 15:00:00', 'Pole Jana', 11, false),
	(2, '2020-01-02 15:00:00', 'Pole Grażki', 12, false);

INSERT INTO job_type
	(id, default_rate, title, unit, disabled)
	VALUES
	(1, 20, 'za godzinę', 'TIME', false),
	(2, 1.5, 'za opakowanie', 'QUANTITY', false);

insert into job
	(id, date, job_type_id, quantity, rate, total_amount, employee_id, location_id, account_id)
	values
	(1, '2022-08-07 10:02:31', 1, 9, 20, 180, 2, 2, 12),
	(2, '2022-06-27 00:02:34', 1, 10, 20, 200, 3, 1, 11),
	(3, '2022-06-20 22:47:43', 1, 8, 20, 160, 3, 2, 12),
	(4, '2022-07-09 17:31:29', 2, 99, 1.5, 148.5, 9, 2, 11),
	(5, '2022-07-10 09:51:45', 1, 8, 20, 160, 9, 2, 11),
	(6, '2022-07-27 18:34:04', 2, 56, 1.5, 84, 6, 2, 11),
	(7, '2022-06-14 19:49:49', 1, 9, 20, 180, 1, 1, 12),
	(8, '2022-06-05 16:12:22', 2, 99, 1.5, 148.5, 6, 2, 11),
	(9, '2022-08-05 22:22:41', 1, 11, 20, 220, 6, 1, 11),
	(10, '2022-07-18 06:34:58', 1, 5, 20, 100, 9, 2, 11),
	(11, '2022-07-21 01:24:16', 2, 92, 1.5, 138, 7, 1, 11),
	(12, '2022-06-25 23:02:09', 1, 11, 20, 220, 8, 1, 12),
	(13, '2022-06-10 16:11:18', 2, 77, 1.5, 115.5, 1, 2, 12),
	(14, '2022-07-28 12:33:06', 2, 80, 1.5, 120, 3, 1, 11),
	(15, '2022-07-22 07:41:42', 2, 98, 1.5, 147, 8, 1, 12),
	(16, '2022-07-19 16:52:56', 1, 7, 20, 140, 1, 1, 12),
	(17, '2022-07-11 02:31:42', 2, 54, 1.5, 81, 1, 2, 11),
	(18, '2022-06-29 06:17:59', 1, 10, 20, 200, 3, 1, 12),
	(19, '2022-07-05 01:27:05', 2, 54, 1.5, 81, 1, 2, 11),
	(20, '2022-06-17 12:09:24', 1, 10, 20, 200, 3, 1, 11),
	(21, '2022-07-15 14:41:13', 1, 11, 20, 220, 1, 2, 12),
	(22, '2022-06-16 23:47:01', 1, 9, 20, 180, 8, 1, 12),
	(23, '2022-06-19 22:17:50', 2, 100, 1.5, 150, 9, 1, 12),
	(24, '2022-07-16 16:47:05', 2, 93, 1.5, 139.5, 2, 1, 12),
	(25, '2022-07-30 11:09:47', 2, 77, 1.5, 115.5, 7, 1, 11),
	(26, '2022-08-01 00:52:20', 2, 64, 1.5, 96, 7, 1, 12),
	(27, '2022-08-05 15:21:42', 2, 90, 1.5, 135, 9, 2, 12),
	(28, '2022-07-06 07:43:54', 2, 79, 1.5, 118.5, 5, 1, 11),
	(29, '2022-06-04 22:45:08', 1, 11, 20, 220, 9, 1, 11),
	(30, '2022-06-03 20:22:46', 1, 8, 20, 160, 10, 2, 12),
	(31, '2022-07-22 20:01:15', 2, 70, 1.5, 105, 5, 2, 12),
	(32, '2022-06-07 11:09:17', 1, 9, 20, 180, 4, 2, 12),
	(33, '2022-06-06 03:34:14', 1, 8, 20, 160, 9, 2, 11),
	(34, '2022-08-05 05:10:29', 1, 9, 20, 180, 5, 1, 11),
	(35, '2022-06-26 15:00:34', 2, 72, 1.5, 108, 2, 1, 11),
	(36, '2022-07-07 08:27:38', 1, 10, 20, 200, 10, 1, 12),
	(37, '2022-08-07 04:18:47', 2, 62, 1.5, 93, 2, 1, 11),
	(38, '2022-07-27 07:32:51', 1, 11, 20, 220, 1, 1, 11),
	(39, '2022-07-13 08:32:04', 1, 9, 20, 180, 4, 1, 12),
	(40, '2022-06-10 10:25:24', 2, 64, 1.5, 96, 6, 1, 11),
	(41, '2022-07-05 06:26:42', 1, 7, 20, 140, 2, 1, 12),
	(42, '2022-06-25 07:24:56', 1, 7, 20, 140, 6, 2, 11),
	(43, '2022-07-15 21:46:35', 2, 79, 1.5, 118.5, 5, 2, 12),
	(44, '2022-06-04 08:08:58', 2, 91, 1.5, 136.5, 7, 2, 12),
	(45, '2022-06-06 11:45:51', 1, 7, 20, 140, 5, 2, 11),
	(46, '2022-07-19 18:36:02', 2, 95, 1.5, 142.5, 9, 2, 11),
	(47, '2022-06-05 00:37:00', 2, 74, 1.5, 111, 8, 2, 12),
	(48, '2022-06-01 21:01:06', 1, 11, 20, 220, 4, 1, 11),
	(49, '2022-06-24 03:13:59', 1, 10, 20, 200, 2, 1, 12),
	(50, '2022-06-03 03:51:53', 2, 79, 1.5, 118.5, 4, 2, 12),
	(51, '2022-06-10 03:55:51', 1, 7, 20, 140, 6, 1, 11),
	(52, '2022-07-20 12:17:50', 2, 77, 1.5, 115.5, 3, 2, 12),
	(53, '2022-06-26 21:02:12', 2, 66, 1.5, 99, 3, 2, 12),
	(54, '2022-07-29 01:09:16', 1, 10, 20, 200, 1, 2, 11),
	(55, '2022-08-03 02:11:38', 1, 11, 20, 220, 10, 1, 12),
	(56, '2022-07-13 14:51:41', 1, 6, 20, 120, 5, 2, 11),
	(57, '2022-06-23 14:54:24', 1, 10, 20, 200, 1, 2, 11),
	(58, '2022-07-15 21:57:04', 1, 8, 20, 160, 2, 1, 12),
	(59, '2022-06-15 02:19:23', 1, 9, 20, 180, 7, 1, 11),
	(60, '2022-07-24 23:47:46', 1, 5, 20, 100, 9, 2, 11),
	(61, '2022-07-29 16:27:00', 1, 8, 20, 160, 9, 2, 12),
	(62, '2022-07-22 05:07:25', 2, 68, 1.5, 102, 5, 2, 11),
	(63, '2022-06-04 09:28:13', 2, 69, 1.5, 103.5, 1, 2, 12),
	(64, '2022-06-05 03:39:12', 2, 65, 1.5, 97.5, 10, 1, 12),
	(65, '2022-07-06 10:27:20', 1, 11, 20, 220, 4, 2, 12),
	(66, '2022-07-01 13:46:21', 1, 9, 20, 180, 5, 1, 11),
	(67, '2022-08-01 09:05:27', 2, 56, 1.5, 84, 5, 1, 12),
	(68, '2022-07-29 16:09:54', 2, 99, 1.5, 148.5, 5, 2, 12),
	(69, '2022-08-07 14:56:02', 1, 5, 20, 100, 3, 2, 12),
	(70, '2022-07-31 08:02:01', 1, 7, 20, 140, 4, 1, 11),
	(71, '2022-07-24 00:18:52', 1, 6, 20, 120, 1, 2, 11),
	(72, '2022-06-11 18:29:05', 2, 89, 1.5, 133.5, 4, 1, 12),
	(73, '2022-06-25 12:43:34', 1, 9, 20, 180, 3, 1, 11),
	(74, '2022-07-30 17:52:41', 1, 7, 20, 140, 5, 2, 12),
	(75, '2022-06-18 07:22:20', 2, 67, 1.5, 100.5, 7, 2, 11),
	(76, '2022-06-25 11:41:07', 2, 99, 1.5, 148.5, 5, 2, 12),
	(77, '2022-07-23 03:23:35', 2, 67, 1.5, 100.5, 10, 2, 12),
	(78, '2022-06-26 05:52:24', 2, 87, 1.5, 130.5, 3, 1, 11),
	(79, '2022-06-23 09:19:12', 1, 8, 20, 160, 7, 2, 12),
	(80, '2022-06-03 05:14:26', 2, 58, 1.5, 87, 6, 1, 11),
	(81, '2022-07-06 01:37:54', 1, 6, 20, 120, 7, 1, 11),
	(82, '2022-06-13 20:07:24', 1, 8, 20, 160, 2, 2, 11),
	(83, '2022-06-13 02:13:00', 2, 53, 1.5, 79.5, 1, 2, 12),
	(84, '2022-06-05 12:46:14', 2, 59, 1.5, 88.5, 4, 1, 12),
	(85, '2022-08-05 03:14:23', 2, 76, 1.5, 114, 4, 1, 11),
	(86, '2022-06-28 14:45:48', 1, 9, 20, 180, 2, 1, 11),
	(87, '2022-07-01 13:24:51', 1, 9, 20, 180, 2, 1, 12),
	(88, '2022-08-01 12:16:49', 2, 79, 1.5, 118.5, 5, 1, 12),
	(89, '2022-06-24 03:51:07', 2, 78, 1.5, 117, 3, 2, 11),
	(90, '2022-07-14 01:09:58', 1, 8, 20, 160, 6, 1, 12),
	(91, '2022-07-30 20:11:36', 1, 5, 20, 100, 9, 1, 11),
	(92, '2022-07-09 01:56:51', 1, 11, 20, 220, 1, 1, 12),
	(93, '2022-08-02 05:48:43', 2, 91, 1.5, 136.5, 8, 2, 11),
	(94, '2022-07-14 08:12:14', 2, 84, 1.5, 126, 1, 1, 11),
	(95, '2022-07-23 00:45:50', 2, 99, 1.5, 148.5, 4, 1, 11),
	(96, '2022-06-22 05:35:45', 1, 10, 20, 200, 5, 2, 12),
	(97, '2022-08-07 14:39:59', 2, 72, 1.5, 108, 3, 1, 12),
	(98, '2022-06-06 17:38:04', 2, 88, 1.5, 132, 2, 1, 12),
	(99, '2022-07-31 14:10:52', 2, 55, 1.5, 82.5, 9, 2, 11),
	(100, '2022-06-05 14:35:29', 1, 7, 20, 140, 5, 1, 11);